Driver Name,Year,Series,Standing,Points,Wins,Podiums
Max Verstappen,2015,Formula 1,12th,49.0,0,0
Max Verstappen,2016,Formula 1,5th,204.0,1,7
Max Verstappen,2017,Formula 1,6th,168.0,2,4
Max Verstappen,2018,Formula 1,4th,249.0,2,11
Max Verstappen,2019,Formula 1,3rd,278.0,3,9
Max Verstappen,2020,Formula 1,3rd,214.0,2,11
Max Verstappen,2021,Formula 1,1st,395.5,10,18
Max Verstappen,2022,Formula 1,1st,454.0,15,17
Max Verstappen,2023,Formula 1,1st,575.0,19,21
Max Verstappen,2024,Formula 1,1st,437.0,9,14
Lando Norris,2018,Formula 2,2nd,219.0,1,9
Lando Norris,2019,Formula 1,11th,49.0,0,0
Lando Norris,2020,Formula 1,9th,97.0,0,1
Lando Norris,2021,Formula 1,6th,160.0,0,4
Lando Norris,2022,Formula 1,7th,122.0,0,1
Lando Norris,2023,Formula 1,6th,205.0,0,7
Lando Norris,2024,Formula 1,2nd,374.0,3,12
Charles Leclerc,2017,Formula 2,1st,282.0,7,10
Charles Leclerc,2018,Formula 1,13th,39.0,0,0
Charles Leclerc,2019,Formula 1,4th,264.0,2,10
Charles Leclerc,2020,Formula 1,8th,98.0,0,2
Charles Leclerc,2021,Formula 1,7th,159.0,0,1
Charles Leclerc,2022,Formula 1,2nd,308.0,3,11
Charles Leclerc,2023,Formula 1,5th,206.0,0,6
Charles Leclerc,2024,Formula 1,3rd,356.0,3,12
Lewis Hamilton,2007,Formula 1,2nd,109.0,4,12
Lewis Hamilton,2008,Formula 1,1st,98.0,5,10
Lewis Hamilton,2009,Formula 1,5th,49.0,2,5
Lewis Hamilton,2010,Formula 1,4th,240.0,3,9
Lewis Hamilton,2011,Formula 1,5th,227.0,3,6
Lewis Hamilton,2012,Formula 1,4th,190.0,4,7
Lewis Hamilton,2013,Formula 1,4th,189.0,1,5
Lewis Hamilton,2014,Formula 1,1st,384.0,11,16
Lewis Hamilton,2015,Formula 1,1st,381.0,10,17
Lewis Hamilton,2016,Formula 1,2nd,380.0,10,17
Lewis Hamilton,2017,Formula 1,1st,363.0,9,13
Lewis Hamilton,2018,Formula 1,1st,408.0,11,17
Lewis Hamilton,2019,Formula 1,1st,413.0,11,17
Lewis Hamilton,2020,Formula 1,1st,347.0,11,14
Lewis Hamilton,2021,Formula 1,2nd,387.5,8,17
Lewis Hamilton,2022,Formula 1,6th,240.0,0,9
Lewis Hamilton,2023,Formula 1,3rd,234.0,0,6
Lewis Hamilton,2024,Formula 1,7th,223.0,2,5
Oscar Piastri,2020,Formula 3,1st,164.0,2,6
Oscar Piastri,2021,Formula 2,1st,252.5,6,11
Oscar Piastri,2023,Formula 1,9th,97.0,0,2
Oscar Piastri,2024,Formula 1,4th,292.0,2,8
George Russell,2017,GP3 Series,1st,220.0,4,7
George Russell,2018,Formula 2,1st,287.0,7,11
George Russell,2019,Formula 1,20th,0.0,0,0
George Russell,2020,Formula 1,18th,3.0,0,0
George Russell,2021,Formula 1,15th,16.0,0,1
George Russell,2022,Formula 1,4th,275.0,1,8
George Russell,2023,Formula 1,8th,175.0,0,2
George Russell,2024,Formula 1,6th,245.0,2,4
Carlos Sainz,2015,Formula 1,15th,18.0,0,0
Carlos Sainz,2016,Formula 1,12th,46.0,0,0
Carlos Sainz,2017,Formula 1,9th,54.0,0,0
Carlos Sainz,2018,Formula 1,10th,53.0,0,0
Carlos Sainz,2019,Formula 1,6th,96.0,0,1
Carlos Sainz,2020,Formula 1,6th,105.0,0,1
Carlos Sainz,2021,Formula 1,5th,164.5,0,4
Carlos Sainz,2022,Formula 1,5th,246.0,1,9
Carlos Sainz,2023,Formula 1,7th,200.0,1,3
Carlos Sainz,2024,Formula 1,5th,290.0,2,9
Fernando Alonso,2018,Formula 1,11th,50.0,0,0
Fernando Alonso,2021,Formula 1,10th,81.0,0,1
Fernando Alonso,2022,Formula 1,9th,81.0,0,0
Fernando Alonso,2023,Formula 1,4th,206.0,0,8
Fernando Alonso,2024,Formula 1,9th,70.0,0,0
Liam Lawson,2021,Formula 2,9th,103.0,1,3
Liam Lawson,2022,Formula 2,3rd,149.0,4,10
Liam Lawson,2023,Super Formula,2nd,106.5,3,4
Liam Lawson,2023,Formula 1,20th,2.0,0,0
Liam Lawson,2024,Formula 1,20th,4.0,0,0
Alexander Albon,2018,Formula 2,3rd,212.0,4,8
Alexander Albon,2019,Formula 1,8th,92.0,0,0
Alexander Albon,2020,Formula 1,7th,105.0,0,2
Alexander Albon,2022,Formula 1,19th,4.0,0,0
Alexander Albon,2023,Formula 1,13th,27.0,0,0
Alexander Albon,2024,Formula 1,16th,12.0,0,0
Pierre Gasly,2017,Super Formula,2nd,33.0,2,3
Pierre Gasly,2018,Formula 1,15th,29.0,0,0
Pierre Gasly,2019,Formula 1,7th,95.0,0,1
Pierre Gasly,2020,Formula 1,10th,75.0,1,1
Pierre Gasly,2021,Formula 1,9th,110.0,0,1
Pierre Gasly,2022,Formula 1,14th,23.0,0,0
Pierre Gasly,2023,Formula 1,11th,62.0,0,1
Pierre Gasly,2024,Formula 1,10th,42.0,0,1
Esteban Ocon,2017,Formula 1,8th,87.0,0,0
Esteban Ocon,2018,Formula 1,12th,49.0,0,0
Esteban Ocon,2020,Formula 1,12th,62.0,0,1
Esteban Ocon,2021,Formula 1,11th,74.0,1,1
Esteban Ocon,2022,Formula 1,8th,92.0,0,0
Esteban Ocon,2023,Formula 1,12th,58.0,0,1
Esteban Ocon,2024,Formula 1,14th,23.0,0,1
Andrea Kimi Antonelli,2022,Formula 4 (ADAC/Italian),1st,362.0,13,15
Andrea Kimi Antonelli,2023,Formula Regional European,1st,300.0,5,11
Andrea Kimi Antonelli,2024,Formula 2,6th,113.0,2,3
Oliver Bearman,2022,Formula 3,3rd,132.0,1,8
Oliver Bearman,2023,Formula 2,6th,130.0,4,6
Oliver Bearman,2024,Formula 2,12th,50.0,2,2
Oliver Bearman,2024,Formula 1,18th,7.0,0,0
Gabriel Bortoleto,2022,Formula Regional European,6th,176.0,2,5
Gabriel Bortoleto,2023,Formula 3,1st,164.0,2,6
Gabriel Bortoleto,2024,Formula 2,1st,210.5,2,5
Nico Hülkenberg,2017,Formula 1,10th,43.0,0,0
Nico Hülkenberg,2018,Formula 1,7th,69.0,0,0
Nico Hülkenberg,2019,Formula 1,14th,37.0,0,0
Nico Hülkenberg,2020,Formula 1,15th,10.0,0,0
Nico Hülkenberg,2022,Formula 1,22nd,0.0,0,0
Nico Hülkenberg,2023,Formula 1,16th,9.0,0,0
Nico Hülkenberg,2024,Formula 1,11th,41.0,0,0
Isack Hadjar,2022,Formula 3,4th,123.0,3,5
Isack Hadjar,2023,Formula 2,14th,55.0,1,1
Isack Hadjar,2024,Formula 2,2nd,165.0,4,7
Franco Colapinto,2022,Formula 3,9th,76.0,2,5
Franco Colapinto,2023,Formula 3,4th,110.0,2,5
Franco Colapinto,2024,Formula 2,7th,96.0,1,3
Franco Colapinto,2024,Formula 1,19th,5.0,0,0
Lance Stroll,2017,Formula 1,12th,40.0,0,1
Lance Stroll,2018,Formula 1,18th,6.0,0,0
Lance Stroll,2019,Formula 1,15th,21.0,0,0
Lance Stroll,2020,Formula 1,11th,75.0,0,2
Lance Stroll,2021,Formula 1,13th,34.0,0,0
Lance Stroll,2022,Formula 1,15th,18.0,0,0
Lance Stroll,2023,Formula 1,10th,74.0,0,0
Lance Stroll,2024,Formula 1,13th,24.0,0,0
Sergio Pérez,2018,Formula 1,8th,62.0,0,1
Sergio Pérez,2019,Formula 1,10th,52.0,0,0
Sergio Pérez,2020,Formula 1,4th,125.0,1,2
Sergio Pérez,2021,Formula 1,4th,190.0,1,5
Sergio Pérez,2022,Formula 1,3rd,305.0,2,11
Sergio Pérez,2023,Formula 1,2nd,285.0,2,9
Sergio Pérez,2024,Formula 1,8th,152.0,0,4
Valtteri Bottas,2017,Formula 1,3rd,305.0,3,13
Valtteri Bottas,2018,Formula 1,5th,247.0,0,8
Valtteri Bottas,2019,Formula 1,2nd,326.0,4,15
Valtteri Bottas,2020,Formula 1,2nd,223.0,2,11
Valtteri Bottas,2021,Formula 1,3rd,226.0,1,11
Valtteri Bottas,2022,Formula 1,10th,49.0,0,0
Valtteri Bottas,2023,Formula 1,15th,10.0,0,0
Valtteri Bottas,2024,Formula 1,22nd,0.0,0,0
Arvid Lindblad,2023,Italian F4,3rd,263.5,6,10
Arvid Lindblad,2024,Formula 3,4th,113.0,4,5
