Circuit,First_GP,Laps,Circuit_Length_km,Race_Distance_km,Total_Races_Analyzed,Lap_Record,Lap_Record_Driver,Description,Entity_Type,Entity_Name,Win_Percent,Year,Avg_Lap_Time_Sec,DNF_Reason,DNF_Count
Bahrain International Circuit,2004,57,5.412,308.238,20,1:31.447,Pedro de la Rosa,"A modern classic in the desert, known for heavy braking zones and dramatic night races under the floodlights.",Driver,Fernando Alonso,50.0,2015,84.058661500918,Accident,6
Bahrain International Circuit,2004,57,5.412,308.238,20,1:31.447,Pedro de la Rosa,"A modern classic in the desert, known for heavy braking zones and dramatic night races under the floodlights.",Driver,Max Verstappen,25.0,2017,104.16800169515506,Gearbox,5
Bahrain International Circuit,2004,57,5.412,308.238,20,1:31.447,Pedro de la Rosa,"A modern classic in the desert, known for heavy braking zones and dramatic night races under the floodlights.",Driver,Sebastian Vettel,15.0,2019,74.8397185042295,Hydraulics,7
Bahrain International Circuit,2004,57,5.412,308.238,20,1:31.447,Pedro de la Rosa,"A modern classic in the desert, known for heavy braking zones and dramatic night races under the floodlights.",Driver,Lewis Hamilton,10.0,2021,104.74405157944702,Accident,7
Bahrain International Circuit,2004,57,5.412,308.238,20,1:31.447,Pedro de la Rosa,"A modern classic in the desert, known for heavy braking zones and dramatic night races under the floodlights.",Constructor,Mercedes,60.0,2023,92.24066068526007,Accident,1
Bahrain International Circuit,2004,57,5.412,308.238,20,1:31.447,Pedro de la Rosa,"A modern classic in the desert, known for heavy braking zones and dramatic night races under the floodlights.",Constructor,Red Bull,30.0,2025,83.48378930824119,Spun off,5
Bahrain International Circuit,2004,57,5.412,308.238,20,1:31.447,Pedro de la Rosa,"A modern classic in the desert, known for heavy braking zones and dramatic night races under the floodlights.",Constructor,Ferrari,10.0,2015,100.28189271451619,Electrical,4
Jeddah Corniche Circuit,2021,50,6.174,308.45,20,1:30.734,Lewis Hamilton,"The fastest street circuit on the calendar, featuring blind high-speed corners alongside the Red Sea.",Driver,Max Verstappen,50.0,2015,70.21770737558276,Accident,5
Jeddah Corniche Circuit,2021,50,6.174,308.45,20,1:30.734,Lewis Hamilton,"The fastest street circuit on the calendar, featuring blind high-speed corners alongside the Red Sea.",Driver,Fernando Alonso,25.0,2017,93.36543087094913,Gearbox,6
Jeddah Corniche Circuit,2021,50,6.174,308.45,20,1:30.734,Lewis Hamilton,"The fastest street circuit on the calendar, featuring blind high-speed corners alongside the Red Sea.",Driver,Charles Leclerc,15.0,2019,76.80063336106166,Hydraulics,3
Jeddah Corniche Circuit,2021,50,6.174,308.45,20,1:30.734,Lewis Hamilton,"The fastest street circuit on the calendar, featuring blind high-speed corners alongside the Red Sea.",Driver,Sebastian Vettel,10.0,2021,89.26443589109164,Spun off,6
Jeddah Corniche Circuit,2021,50,6.174,308.45,20,1:30.734,Lewis Hamilton,"The fastest street circuit on the calendar, featuring blind high-speed corners alongside the Red Sea.",Constructor,Ferrari,60.0,2023,103.32586689758023,Collision,6
Jeddah Corniche Circuit,2021,50,6.174,308.45,20,1:30.734,Lewis Hamilton,"The fastest street circuit on the calendar, featuring blind high-speed corners alongside the Red Sea.",Constructor,Red Bull,30.0,2025,86.06489087189752,Power Unit,3
Jeddah Corniche Circuit,2021,50,6.174,308.45,20,1:30.734,Lewis Hamilton,"The fastest street circuit on the calendar, featuring blind high-speed corners alongside the Red Sea.",Constructor,McLaren,10.0,2015,74.34543227680258,Gearbox,8
Albert Park Grand Prix Circuit,1996,58,5.278,306.124,20,1:19.815,Charles Leclerc,"A semi-street circuit in Melbourne. Bumpy, fast, and famously the traditional season opener for many years.",Driver,Fernando Alonso,50.0,2015,82.52770646233454,Electrical,7
Albert Park Grand Prix Circuit,1996,58,5.278,306.124,20,1:19.815,Charles Leclerc,"A semi-street circuit in Melbourne. Bumpy, fast, and famously the traditional season opener for many years.",Driver,Charles Leclerc,25.0,2017,98.54150987995912,Gearbox,1
Albert Park Grand Prix Circuit,1996,58,5.278,306.124,20,1:19.815,Charles Leclerc,"A semi-street circuit in Melbourne. Bumpy, fast, and famously the traditional season opener for many years.",Driver,Sergio Perez,15.0,2019,84.24479496993216,Collision,7
Albert Park Grand Prix Circuit,1996,58,5.278,306.124,20,1:19.815,Charles Leclerc,"A semi-street circuit in Melbourne. Bumpy, fast, and famously the traditional season opener for many years.",Driver,Sebastian Vettel,10.0,2021,89.18517709971127,Accident,3
Albert Park Grand Prix Circuit,1996,58,5.278,306.124,20,1:19.815,Charles Leclerc,"A semi-street circuit in Melbourne. Bumpy, fast, and famously the traditional season opener for many years.",Constructor,Red Bull,60.0,2023,86.94056866963149,Tyre,2
Albert Park Grand Prix Circuit,1996,58,5.278,306.124,20,1:19.815,Charles Leclerc,"A semi-street circuit in Melbourne. Bumpy, fast, and famously the traditional season opener for many years.",Constructor,McLaren,30.0,2025,100.19593255520681,Spun off,6
Albert Park Grand Prix Circuit,1996,58,5.278,306.124,20,1:19.815,Charles Leclerc,"A semi-street circuit in Melbourne. Bumpy, fast, and famously the traditional season opener for many years.",Constructor,Ferrari,10.0,2015,72.641589898087,Accident,3
Suzuka International Racing Course,1987,53,5.807,307.471,20,1:30.983,Lewis Hamilton,A legendary figure-eight track loved by drivers for its challenging 'Esses' and the fearsome 130R corner.,Driver,Lewis Hamilton,50.0,2015,96.5097427148126,Collision,4
Suzuka International Racing Course,1987,53,5.807,307.471,20,1:30.983,Lewis Hamilton,A legendary figure-eight track loved by drivers for its challenging 'Esses' and the fearsome 130R corner.,Driver,Carlos Sainz,25.0,2017,78.19512920807495,Tyre,1
Suzuka International Racing Course,1987,53,5.807,307.471,20,1:30.983,Lewis Hamilton,A legendary figure-eight track loved by drivers for its challenging 'Esses' and the fearsome 130R corner.,Driver,Charles Leclerc,15.0,2019,70.80160855844602,Electrical,6
Suzuka International Racing Course,1987,53,5.807,307.471,20,1:30.983,Lewis Hamilton,A legendary figure-eight track loved by drivers for its challenging 'Esses' and the fearsome 130R corner.,Driver,Sergio Perez,10.0,2021,72.42295922304845,Tyre,6
Suzuka International Racing Course,1987,53,5.807,307.471,20,1:30.983,Lewis Hamilton,A legendary figure-eight track loved by drivers for its challenging 'Esses' and the fearsome 130R corner.,Constructor,Ferrari,60.0,2023,83.40518417403977,Electrical,7
Suzuka International Racing Course,1987,53,5.807,307.471,20,1:30.983,Lewis Hamilton,A legendary figure-eight track loved by drivers for its challenging 'Esses' and the fearsome 130R corner.,Constructor,Aston Martin,30.0,2025,96.3678572465249,Spun off,7
Suzuka International Racing Course,1987,53,5.807,307.471,20,1:30.983,Lewis Hamilton,A legendary figure-eight track loved by drivers for its challenging 'Esses' and the fearsome 130R corner.,Constructor,Red Bull,10.0,2015,79.45376921303955,Electrical,5
Shanghai International Circuit,2004,56,5.451,305.066,20,1:32.238,Michael Schumacher,"Features the unique, ever-tightening Turn 1 and a massive back straight. Very demanding on front tyres.",Driver,Carlos Sainz,50.0,2015,76.74882274476873,Electrical,7
Shanghai International Circuit,2004,56,5.451,305.066,20,1:32.238,Michael Schumacher,"Features the unique, ever-tightening Turn 1 and a massive back straight. Very demanding on front tyres.",Driver,Max Verstappen,25.0,2017,86.59807894356007,Tyre,8
Shanghai International Circuit,2004,56,5.451,305.066,20,1:32.238,Michael Schumacher,"Features the unique, ever-tightening Turn 1 and a massive back straight. Very demanding on front tyres.",Driver,Sebastian Vettel,15.0,2019,78.60729708774973,Electrical,8
Shanghai International Circuit,2004,56,5.451,305.066,20,1:32.238,Michael Schumacher,"Features the unique, ever-tightening Turn 1 and a massive back straight. Very demanding on front tyres.",Driver,Charles Leclerc,10.0,2021,91.60086998993744,Tyre,4
Shanghai International Circuit,2004,56,5.451,305.066,20,1:32.238,Michael Schumacher,"Features the unique, ever-tightening Turn 1 and a massive back straight. Very demanding on front tyres.",Constructor,Aston Martin,60.0,2023,74.5534093357549,Electrical,8
Shanghai International Circuit,2004,56,5.451,305.066,20,1:32.238,Michael Schumacher,"Features the unique, ever-tightening Turn 1 and a massive back straight. Very demanding on front tyres.",Constructor,McLaren,30.0,2025,97.93969664036352,Power Unit,4
Shanghai International Circuit,2004,56,5.451,305.066,20,1:32.238,Michael Schumacher,"Features the unique, ever-tightening Turn 1 and a massive back straight. Very demanding on front tyres.",Constructor,Mercedes,10.0,2015,82.3888720135453,Power Unit,7
Miami International Autodrome,2022,57,5.412,308.326,20,1:29.708,Max Verstappen,"Built around the Hard Rock Stadium, blending high-speed sweeps with a very tight, slow chicane section.",Driver,Carlos Sainz,50.0,2015,92.38005358178522,Gearbox,2
Miami International Autodrome,2022,57,5.412,308.326,20,1:29.708,Max Verstappen,"Built around the Hard Rock Stadium, blending high-speed sweeps with a very tight, slow chicane section.",Driver,Fernando Alonso,25.0,2017,87.27693488584788,Collision,8
Miami International Autodrome,2022,57,5.412,308.326,20,1:29.708,Max Verstappen,"Built around the Hard Rock Stadium, blending high-speed sweeps with a very tight, slow chicane section.",Driver,Sebastian Vettel,15.0,2019,99.82641492362302,Collision,5
Miami International Autodrome,2022,57,5.412,308.326,20,1:29.708,Max Verstappen,"Built around the Hard Rock Stadium, blending high-speed sweeps with a very tight, slow chicane section.",Driver,Charles Leclerc,10.0,2021,90.60079029310599,Electrical,7
Miami International Autodrome,2022,57,5.412,308.326,20,1:29.708,Max Verstappen,"Built around the Hard Rock Stadium, blending high-speed sweeps with a very tight, slow chicane section.",Constructor,McLaren,60.0,2023,96.62677985021735,Tyre,5
Miami International Autodrome,2022,57,5.412,308.326,20,1:29.708,Max Verstappen,"Built around the Hard Rock Stadium, blending high-speed sweeps with a very tight, slow chicane section.",Constructor,Ferrari,30.0,2025,91.22573249941254,Spun off,3
Miami International Autodrome,2022,57,5.412,308.326,20,1:29.708,Max Verstappen,"Built around the Hard Rock Stadium, blending high-speed sweeps with a very tight, slow chicane section.",Constructor,Mercedes,10.0,2015,84.49435715209744,Electrical,3
Autodromo Enzo e Dino Ferrari,1980,63,4.909,309.049,20,1:15.484,Lewis Hamilton,"Imola is an old-school, narrow, and fast track with unforgiving kerbs and deep F1 history.",Driver,Charles Leclerc,50.0,2015,91.91226511165218,Spun off,2
Autodromo Enzo e Dino Ferrari,1980,63,4.909,309.049,20,1:15.484,Lewis Hamilton,"Imola is an old-school, narrow, and fast track with unforgiving kerbs and deep F1 history.",Driver,Max Verstappen,25.0,2017,86.21438892933745,Collision,1
Autodromo Enzo e Dino Ferrari,1980,63,4.909,309.049,20,1:15.484,Lewis Hamilton,"Imola is an old-school, narrow, and fast track with unforgiving kerbs and deep F1 history.",Driver,Fernando Alonso,15.0,2019,76.79376905908225,Power Unit,7
Autodromo Enzo e Dino Ferrari,1980,63,4.909,309.049,20,1:15.484,Lewis Hamilton,"Imola is an old-school, narrow, and fast track with unforgiving kerbs and deep F1 history.",Driver,Lewis Hamilton,10.0,2021,103.43518217436147,Spun off,1
Autodromo Enzo e Dino Ferrari,1980,63,4.909,309.049,20,1:15.484,Lewis Hamilton,"Imola is an old-school, narrow, and fast track with unforgiving kerbs and deep F1 history.",Constructor,Mercedes,60.0,2023,96.07250317884092,Spun off,4
Autodromo Enzo e Dino Ferrari,1980,63,4.909,309.049,20,1:15.484,Lewis Hamilton,"Imola is an old-school, narrow, and fast track with unforgiving kerbs and deep F1 history.",Constructor,Aston Martin,30.0,2025,92.23058290246374,Hydraulics,4
Autodromo Enzo e Dino Ferrari,1980,63,4.909,309.049,20,1:15.484,Lewis Hamilton,"Imola is an old-school, narrow, and fast track with unforgiving kerbs and deep F1 history.",Constructor,Red Bull,10.0,2015,81.1144498761646,Power Unit,1
Circuit de Monaco,1950,78,3.337,260.286,20,1:12.909,Lewis Hamilton,The ultimate test of precision. A mistake here means the wall. The crown jewel of the Formula 1 calendar.,Driver,Sebastian Vettel,50.0,2015,75.52786602487741,Spun off,3
Circuit de Monaco,1950,78,3.337,260.286,20,1:12.909,Lewis Hamilton,The ultimate test of precision. A mistake here means the wall. The crown jewel of the Formula 1 calendar.,Driver,Fernando Alonso,25.0,2017,102.46633230306384,Tyre,6
Circuit de Monaco,1950,78,3.337,260.286,20,1:12.909,Lewis Hamilton,The ultimate test of precision. A mistake here means the wall. The crown jewel of the Formula 1 calendar.,Driver,Charles Leclerc,15.0,2019,96.83944592177139,Accident,3
Circuit de Monaco,1950,78,3.337,260.286,20,1:12.909,Lewis Hamilton,The ultimate test of precision. A mistake here means the wall. The crown jewel of the Formula 1 calendar.,Driver,Max Verstappen,10.0,2021,73.15027971265243,Power Unit,6
Circuit de Monaco,1950,78,3.337,260.286,20,1:12.909,Lewis Hamilton,The ultimate test of precision. A mistake here means the wall. The crown jewel of the Formula 1 calendar.,Constructor,Mercedes,60.0,2023,99.41846916543571,Gearbox,7
Circuit de Monaco,1950,78,3.337,260.286,20,1:12.909,Lewis Hamilton,The ultimate test of precision. A mistake here means the wall. The crown jewel of the Formula 1 calendar.,Constructor,McLaren,30.0,2025,99.83475557207835,Spun off,6
Circuit de Monaco,1950,78,3.337,260.286,20,1:12.909,Lewis Hamilton,The ultimate test of precision. A mistake here means the wall. The crown jewel of the Formula 1 calendar.,Constructor,Aston Martin,10.0,2015,93.69649582622874,Tyre,3
Circuit Gilles Villeneuve,1978,70,4.361,305.27,20,1:13.078,Valtteri Bottas,"Stop-start nature, heavy on brakes, featuring the infamous 'Wall of Champions' at the final chicane.",Driver,Charles Leclerc,50.0,2015,91.97093783590317,Gearbox,4
Circuit Gilles Villeneuve,1978,70,4.361,305.27,20,1:13.078,Valtteri Bottas,"Stop-start nature, heavy on brakes, featuring the infamous 'Wall of Champions' at the final chicane.",Driver,Sebastian Vettel,25.0,2017,102.54593162602018,Power Unit,6
Circuit Gilles Villeneuve,1978,70,4.361,305.27,20,1:13.078,Valtteri Bottas,"Stop-start nature, heavy on brakes, featuring the infamous 'Wall of Champions' at the final chicane.",Driver,Carlos Sainz,15.0,2019,91.535229512747,Tyre,4
Circuit Gilles Villeneuve,1978,70,4.361,305.27,20,1:13.078,Valtteri Bottas,"Stop-start nature, heavy on brakes, featuring the infamous 'Wall of Champions' at the final chicane.",Driver,Lewis Hamilton,10.0,2021,99.0396009792546,Hydraulics,5
Circuit Gilles Villeneuve,1978,70,4.361,305.27,20,1:13.078,Valtteri Bottas,"Stop-start nature, heavy on brakes, featuring the infamous 'Wall of Champions' at the final chicane.",Constructor,McLaren,60.0,2023,96.41830008719107,Electrical,5
Circuit Gilles Villeneuve,1978,70,4.361,305.27,20,1:13.078,Valtteri Bottas,"Stop-start nature, heavy on brakes, featuring the infamous 'Wall of Champions' at the final chicane.",Constructor,Mercedes,30.0,2025,79.43193187838807,Collision,1
Circuit Gilles Villeneuve,1978,70,4.361,305.27,20,1:13.078,Valtteri Bottas,"Stop-start nature, heavy on brakes, featuring the infamous 'Wall of Champions' at the final chicane.",Constructor,Aston Martin,10.0,2015,97.85525018028272,Gearbox,2
Circuit de Barcelona-Catalunya,1991,66,4.657,307.236,20,1:16.330,Max Verstappen,The ultimate test track. Its mix of high and low-speed corners perfectly measures a car's aerodynamic efficiency.,Driver,Max Verstappen,50.0,2015,86.78166223916651,Electrical,3
Circuit de Barcelona-Catalunya,1991,66,4.657,307.236,20,1:16.330,Max Verstappen,The ultimate test track. Its mix of high and low-speed corners perfectly measures a car's aerodynamic efficiency.,Driver,Charles Leclerc,25.0,2017,77.86241939157907,Power Unit,6
Circuit de Barcelona-Catalunya,1991,66,4.657,307.236,20,1:16.330,Max Verstappen,The ultimate test track. Its mix of high and low-speed corners perfectly measures a car's aerodynamic efficiency.,Driver,Carlos Sainz,15.0,2019,73.48401328623203,Gearbox,7
Circuit de Barcelona-Catalunya,1991,66,4.657,307.236,20,1:16.330,Max Verstappen,The ultimate test track. Its mix of high and low-speed corners perfectly measures a car's aerodynamic efficiency.,Driver,Lewis Hamilton,10.0,2021,79.90315410012099,Hydraulics,1
Circuit de Barcelona-Catalunya,1991,66,4.657,307.236,20,1:16.330,Max Verstappen,The ultimate test track. Its mix of high and low-speed corners perfectly measures a car's aerodynamic efficiency.,Constructor,Mercedes,60.0,2023,80.03870899372095,Electrical,4
Circuit de Barcelona-Catalunya,1991,66,4.657,307.236,20,1:16.330,Max Verstappen,The ultimate test track. Its mix of high and low-speed corners perfectly measures a car's aerodynamic efficiency.,Constructor,Ferrari,30.0,2025,77.09010919247248,Hydraulics,3
Circuit de Barcelona-Catalunya,1991,66,4.657,307.236,20,1:16.330,Max Verstappen,The ultimate test track. Its mix of high and low-speed corners perfectly measures a car's aerodynamic efficiency.,Constructor,Aston Martin,10.0,2015,87.50283132645825,Power Unit,2
Red Bull Ring,1970,71,4.318,306.452,20,1:05.619,Carlos Sainz,"A short, fast lap set in the Styrian mountains. Features aggressive elevation changes and just 10 corners.",Driver,Lewis Hamilton,50.0,2015,70.24773349942947,Collision,3
Red Bull Ring,1970,71,4.318,306.452,20,1:05.619,Carlos Sainz,"A short, fast lap set in the Styrian mountains. Features aggressive elevation changes and just 10 corners.",Driver,Charles Leclerc,25.0,2017,84.77209886091944,Spun off,7
Red Bull Ring,1970,71,4.318,306.452,20,1:05.619,Carlos Sainz,"A short, fast lap set in the Styrian mountains. Features aggressive elevation changes and just 10 corners.",Driver,Sergio Perez,15.0,2019,86.38111766624314,Gearbox,1
Red Bull Ring,1970,71,4.318,306.452,20,1:05.619,Carlos Sainz,"A short, fast lap set in the Styrian mountains. Features aggressive elevation changes and just 10 corners.",Driver,Sebastian Vettel,10.0,2021,98.85921462242489,Electrical,3
Red Bull Ring,1970,71,4.318,306.452,20,1:05.619,Carlos Sainz,"A short, fast lap set in the Styrian mountains. Features aggressive elevation changes and just 10 corners.",Constructor,McLaren,60.0,2023,88.46012170881939,Collision,1
Red Bull Ring,1970,71,4.318,306.452,20,1:05.619,Carlos Sainz,"A short, fast lap set in the Styrian mountains. Features aggressive elevation changes and just 10 corners.",Constructor,Red Bull,30.0,2025,87.28694077997648,Spun off,5
Red Bull Ring,1970,71,4.318,306.452,20,1:05.619,Carlos Sainz,"A short, fast lap set in the Styrian mountains. Features aggressive elevation changes and just 10 corners.",Constructor,Aston Martin,10.0,2015,76.8084870116308,Electrical,1
Silverstone Circuit,1950,52,5.891,306.198,20,1:27.097,Max Verstappen,"The birthplace of F1. A high-speed aerodynamic test featuring the iconic Maggotts, Becketts, and Chapel sequence.",Driver,Lewis Hamilton,50.0,2015,76.5230286345594,Spun off,6
Silverstone Circuit,1950,52,5.891,306.198,20,1:27.097,Max Verstappen,"The birthplace of F1. A high-speed aerodynamic test featuring the iconic Maggotts, Becketts, and Chapel sequence.",Driver,Sergio Perez,25.0,2017,93.7137629888323,Tyre,7
Silverstone Circuit,1950,52,5.891,306.198,20,1:27.097,Max Verstappen,"The birthplace of F1. A high-speed aerodynamic test featuring the iconic Maggotts, Becketts, and Chapel sequence.",Driver,Charles Leclerc,15.0,2019,73.82927307060669,Gearbox,4
Silverstone Circuit,1950,52,5.891,306.198,20,1:27.097,Max Verstappen,"The birthplace of F1. A high-speed aerodynamic test featuring the iconic Maggotts, Becketts, and Chapel sequence.",Driver,Fernando Alonso,10.0,2021,82.17698647859777,Tyre,4
Silverstone Circuit,1950,52,5.891,306.198,20,1:27.097,Max Verstappen,"The birthplace of F1. A high-speed aerodynamic test featuring the iconic Maggotts, Becketts, and Chapel sequence.",Constructor,Mercedes,60.0,2023,93.65306371433769,Power Unit,3
Silverstone Circuit,1950,52,5.891,306.198,20,1:27.097,Max Verstappen,"The birthplace of F1. A high-speed aerodynamic test featuring the iconic Maggotts, Becketts, and Chapel sequence.",Constructor,McLaren,30.0,2025,99.21860316911437,Hydraulics,5
Silverstone Circuit,1950,52,5.891,306.198,20,1:27.097,Max Verstappen,"The birthplace of F1. A high-speed aerodynamic test featuring the iconic Maggotts, Becketts, and Chapel sequence.",Constructor,Ferrari,10.0,2015,70.95963480280838,Tyre,1
Hungaroring,1986,70,4.381,306.63,20,1:16.627,Lewis Hamilton,"Often described as 'Monaco without the walls'. Tight, twisty, and difficult to overtake on, requiring high downforce.",Driver,Sergio Perez,50.0,2015,74.55883656122651,Spun off,3
Hungaroring,1986,70,4.381,306.63,20,1:16.627,Lewis Hamilton,"Often described as 'Monaco without the walls'. Tight, twisty, and difficult to overtake on, requiring high downforce.",Driver,Max Verstappen,25.0,2017,82.77822711984363,Collision,3
Hungaroring,1986,70,4.381,306.63,20,1:16.627,Lewis Hamilton,"Often described as 'Monaco without the walls'. Tight, twisty, and difficult to overtake on, requiring high downforce.",Driver,Fernando Alonso,15.0,2019,73.32423109480142,Electrical,7
Hungaroring,1986,70,4.381,306.63,20,1:16.627,Lewis Hamilton,"Often described as 'Monaco without the walls'. Tight, twisty, and difficult to overtake on, requiring high downforce.",Driver,Charles Leclerc,10.0,2021,87.52283799803367,Hydraulics,6
Hungaroring,1986,70,4.381,306.63,20,1:16.627,Lewis Hamilton,"Often described as 'Monaco without the walls'. Tight, twisty, and difficult to overtake on, requiring high downforce.",Constructor,Aston Martin,60.0,2023,100.97273171225231,Spun off,6
Hungaroring,1986,70,4.381,306.63,20,1:16.627,Lewis Hamilton,"Often described as 'Monaco without the walls'. Tight, twisty, and difficult to overtake on, requiring high downforce.",Constructor,McLaren,30.0,2025,75.34003074986173,Hydraulics,7
Hungaroring,1986,70,4.381,306.63,20,1:16.627,Lewis Hamilton,"Often described as 'Monaco without the walls'. Tight, twisty, and difficult to overtake on, requiring high downforce.",Constructor,Mercedes,10.0,2015,100.22076696164888,Hydraulics,5
Circuit de Spa-Francorchamps,1950,44,7.004,308.052,20,1:46.286,Valtteri Bottas,The longest track on the calendar. Loved for Eau Rouge/Raidillon and its unpredictable microclimate.,Driver,Sergio Perez,50.0,2015,83.39956357374304,Hydraulics,3
Circuit de Spa-Francorchamps,1950,44,7.004,308.052,20,1:46.286,Valtteri Bottas,The longest track on the calendar. Loved for Eau Rouge/Raidillon and its unpredictable microclimate.,Driver,Fernando Alonso,25.0,2017,100.94265424941676,Power Unit,7
Circuit de Spa-Francorchamps,1950,44,7.004,308.052,20,1:46.286,Valtteri Bottas,The longest track on the calendar. Loved for Eau Rouge/Raidillon and its unpredictable microclimate.,Driver,Charles Leclerc,15.0,2019,83.21075529801746,Collision,3
Circuit de Spa-Francorchamps,1950,44,7.004,308.052,20,1:46.286,Valtteri Bottas,The longest track on the calendar. Loved for Eau Rouge/Raidillon and its unpredictable microclimate.,Driver,Carlos Sainz,10.0,2021,89.86917211772227,Accident,4
Circuit de Spa-Francorchamps,1950,44,7.004,308.052,20,1:46.286,Valtteri Bottas,The longest track on the calendar. Loved for Eau Rouge/Raidillon and its unpredictable microclimate.,Constructor,McLaren,60.0,2023,84.78737824860153,Accident,7
Circuit de Spa-Francorchamps,1950,44,7.004,308.052,20,1:46.286,Valtteri Bottas,The longest track on the calendar. Loved for Eau Rouge/Raidillon and its unpredictable microclimate.,Constructor,Ferrari,30.0,2025,80.29674287546109,Collision,8
Circuit de Spa-Francorchamps,1950,44,7.004,308.052,20,1:46.286,Valtteri Bottas,The longest track on the calendar. Loved for Eau Rouge/Raidillon and its unpredictable microclimate.,Constructor,Aston Martin,10.0,2015,89.70452114726262,Hydraulics,6
Circuit Zandvoort,1952,72,4.259,306.587,20,1:11.097,Lewis Hamilton,A rolling rollercoaster in the sand dunes. Famous for its steep banked corners at Turn 3 and the final turn.,Driver,Carlos Sainz,50.0,2015,75.54997866935078,Collision,7
Circuit Zandvoort,1952,72,4.259,306.587,20,1:11.097,Lewis Hamilton,A rolling rollercoaster in the sand dunes. Famous for its steep banked corners at Turn 3 and the final turn.,Driver,Fernando Alonso,25.0,2017,86.35137338504684,Collision,2
Circuit Zandvoort,1952,72,4.259,306.587,20,1:11.097,Lewis Hamilton,A rolling rollercoaster in the sand dunes. Famous for its steep banked corners at Turn 3 and the final turn.,Driver,Sergio Perez,15.0,2019,80.44307877397239,Power Unit,5
Circuit Zandvoort,1952,72,4.259,306.587,20,1:11.097,Lewis Hamilton,A rolling rollercoaster in the sand dunes. Famous for its steep banked corners at Turn 3 and the final turn.,Driver,Max Verstappen,10.0,2021,83.92680756599472,Collision,1
Circuit Zandvoort,1952,72,4.259,306.587,20,1:11.097,Lewis Hamilton,A rolling rollercoaster in the sand dunes. Famous for its steep banked corners at Turn 3 and the final turn.,Constructor,Mercedes,60.0,2023,77.61909887126872,Spun off,7
Circuit Zandvoort,1952,72,4.259,306.587,20,1:11.097,Lewis Hamilton,A rolling rollercoaster in the sand dunes. Famous for its steep banked corners at Turn 3 and the final turn.,Constructor,McLaren,30.0,2025,97.69832953541626,Collision,1
Circuit Zandvoort,1952,72,4.259,306.587,20,1:11.097,Lewis Hamilton,A rolling rollercoaster in the sand dunes. Famous for its steep banked corners at Turn 3 and the final turn.,Constructor,Aston Martin,10.0,2015,76.42872271846267,Tyre,3
Autodromo Nazionale Monza,1950,53,5.793,306.72,20,1:21.046,Rubens Barrichello,The Temple of Speed. Long straights and heavy braking zones demand the lowest downforce setups of the year.,Driver,Lewis Hamilton,50.0,2015,97.180947071096,Collision,5
Autodromo Nazionale Monza,1950,53,5.793,306.72,20,1:21.046,Rubens Barrichello,The Temple of Speed. Long straights and heavy braking zones demand the lowest downforce setups of the year.,Driver,Charles Leclerc,25.0,2017,81.2952291415702,Spun off,1
Autodromo Nazionale Monza,1950,53,5.793,306.72,20,1:21.046,Rubens Barrichello,The Temple of Speed. Long straights and heavy braking zones demand the lowest downforce setups of the year.,Driver,Carlos Sainz,15.0,2019,88.90769683237704,Accident,7
Autodromo Nazionale Monza,1950,53,5.793,306.72,20,1:21.046,Rubens Barrichello,The Temple of Speed. Long straights and heavy braking zones demand the lowest downforce setups of the year.,Driver,Sebastian Vettel,10.0,2021,93.74090030323315,Hydraulics,6
Autodromo Nazionale Monza,1950,53,5.793,306.72,20,1:21.046,Rubens Barrichello,The Temple of Speed. Long straights and heavy braking zones demand the lowest downforce setups of the year.,Constructor,McLaren,60.0,2023,77.2072158649991,Tyre,5
Autodromo Nazionale Monza,1950,53,5.793,306.72,20,1:21.046,Rubens Barrichello,The Temple of Speed. Long straights and heavy braking zones demand the lowest downforce setups of the year.,Constructor,Red Bull,30.0,2025,103.26939474141724,Tyre,1
Autodromo Nazionale Monza,1950,53,5.793,306.72,20,1:21.046,Rubens Barrichello,The Temple of Speed. Long straights and heavy braking zones demand the lowest downforce setups of the year.,Constructor,Aston Martin,10.0,2015,100.13705821473174,Gearbox,7
Baku City Circuit,2016,51,6.003,306.049,20,1:43.009,Charles Leclerc,Combines a massive 2km straight with a painfully narrow section through the medieval Old City walls.,Driver,Sebastian Vettel,50.0,2015,99.80528268388426,Hydraulics,5
Baku City Circuit,2016,51,6.003,306.049,20,1:43.009,Charles Leclerc,Combines a massive 2km straight with a painfully narrow section through the medieval Old City walls.,Driver,Carlos Sainz,25.0,2017,96.50662287260333,Gearbox,5
Baku City Circuit,2016,51,6.003,306.049,20,1:43.009,Charles Leclerc,Combines a massive 2km straight with a painfully narrow section through the medieval Old City walls.,Driver,Max Verstappen,15.0,2019,92.3736284324673,Tyre,7
Baku City Circuit,2016,51,6.003,306.049,20,1:43.009,Charles Leclerc,Combines a massive 2km straight with a painfully narrow section through the medieval Old City walls.,Driver,Lewis Hamilton,10.0,2021,89.79494415106251,Power Unit,6
Baku City Circuit,2016,51,6.003,306.049,20,1:43.009,Charles Leclerc,Combines a massive 2km straight with a painfully narrow section through the medieval Old City walls.,Constructor,McLaren,60.0,2023,72.280570132462,Hydraulics,2
Baku City Circuit,2016,51,6.003,306.049,20,1:43.009,Charles Leclerc,Combines a massive 2km straight with a painfully narrow section through the medieval Old City walls.,Constructor,Mercedes,30.0,2025,73.9375664893404,Power Unit,3
Baku City Circuit,2016,51,6.003,306.049,20,1:43.009,Charles Leclerc,Combines a massive 2km straight with a painfully narrow section through the medieval Old City walls.,Constructor,Aston Martin,10.0,2015,82.87711673588944,Power Unit,3
Marina Bay Street Circuit,2008,62,4.94,306.143,20,1:35.867,Lewis Hamilton,"A gruelling physical challenge under the lights of Singapore. High heat, high humidity, and walls everywhere.",Driver,Fernando Alonso,50.0,2015,98.08338615916013,Electrical,4
Marina Bay Street Circuit,2008,62,4.94,306.143,20,1:35.867,Lewis Hamilton,"A gruelling physical challenge under the lights of Singapore. High heat, high humidity, and walls everywhere.",Driver,Charles Leclerc,25.0,2017,77.58545876749182,Collision,6
Marina Bay Street Circuit,2008,62,4.94,306.143,20,1:35.867,Lewis Hamilton,"A gruelling physical challenge under the lights of Singapore. High heat, high humidity, and walls everywhere.",Driver,Sebastian Vettel,15.0,2019,92.77159023501858,Electrical,2
Marina Bay Street Circuit,2008,62,4.94,306.143,20,1:35.867,Lewis Hamilton,"A gruelling physical challenge under the lights of Singapore. High heat, high humidity, and walls everywhere.",Driver,Carlos Sainz,10.0,2021,94.95778073788944,Spun off,3
Marina Bay Street Circuit,2008,62,4.94,306.143,20,1:35.867,Lewis Hamilton,"A gruelling physical challenge under the lights of Singapore. High heat, high humidity, and walls everywhere.",Constructor,Ferrari,60.0,2023,97.33263526483063,Collision,1
Marina Bay Street Circuit,2008,62,4.94,306.143,20,1:35.867,Lewis Hamilton,"A gruelling physical challenge under the lights of Singapore. High heat, high humidity, and walls everywhere.",Constructor,McLaren,30.0,2025,89.91364348007491,Electrical,8
Marina Bay Street Circuit,2008,62,4.94,306.143,20,1:35.867,Lewis Hamilton,"A gruelling physical challenge under the lights of Singapore. High heat, high humidity, and walls everywhere.",Constructor,Aston Martin,10.0,2015,89.95386464940145,Accident,2
Circuit of the Americas,2012,56,5.513,308.405,20,1:36.169,Charles Leclerc,"A challenging track that borrows elements from Silverstone, Suzuka, and Hockenheim, with a steep uphill Turn 1.",Driver,Charles Leclerc,50.0,2015,79.78030928404095,Spun off,2
Circuit of the Americas,2012,56,5.513,308.405,20,1:36.169,Charles Leclerc,"A challenging track that borrows elements from Silverstone, Suzuka, and Hockenheim, with a steep uphill Turn 1.",Driver,Max Verstappen,25.0,2017,104.66914440553111,Collision,1
Circuit of the Americas,2012,56,5.513,308.405,20,1:36.169,Charles Leclerc,"A challenging track that borrows elements from Silverstone, Suzuka, and Hockenheim, with a steep uphill Turn 1.",Driver,Sebastian Vettel,15.0,2019,99.8316160851685,Gearbox,8
Circuit of the Americas,2012,56,5.513,308.405,20,1:36.169,Charles Leclerc,"A challenging track that borrows elements from Silverstone, Suzuka, and Hockenheim, with a steep uphill Turn 1.",Driver,Carlos Sainz,10.0,2021,87.77227335931201,Electrical,3
Circuit of the Americas,2012,56,5.513,308.405,20,1:36.169,Charles Leclerc,"A challenging track that borrows elements from Silverstone, Suzuka, and Hockenheim, with a steep uphill Turn 1.",Constructor,Ferrari,60.0,2023,74.1979633566943,Electrical,3
Circuit of the Americas,2012,56,5.513,308.405,20,1:36.169,Charles Leclerc,"A challenging track that borrows elements from Silverstone, Suzuka, and Hockenheim, with a steep uphill Turn 1.",Constructor,Mercedes,30.0,2025,94.86088841787966,Power Unit,4
Circuit of the Americas,2012,56,5.513,308.405,20,1:36.169,Charles Leclerc,"A challenging track that borrows elements from Silverstone, Suzuka, and Hockenheim, with a steep uphill Turn 1.",Constructor,McLaren,10.0,2015,74.86392781908049,Accident,4
Autodromo Hermanos Rodriguez,1963,71,4.304,305.354,20,1:17.774,Valtteri Bottas,"Situated 2,200 meters above sea level. The thin air reduces drag and downforce, heavily stressing cooling systems.",Driver,Fernando Alonso,50.0,2015,72.36288772635143,Electrical,2
Autodromo Hermanos Rodriguez,1963,71,4.304,305.354,20,1:17.774,Valtteri Bottas,"Situated 2,200 meters above sea level. The thin air reduces drag and downforce, heavily stressing cooling systems.",Driver,Max Verstappen,25.0,2017,78.48825359566086,Collision,2
Autodromo Hermanos Rodriguez,1963,71,4.304,305.354,20,1:17.774,Valtteri Bottas,"Situated 2,200 meters above sea level. The thin air reduces drag and downforce, heavily stressing cooling systems.",Driver,Lewis Hamilton,15.0,2019,78.50140339508343,Hydraulics,6
Autodromo Hermanos Rodriguez,1963,71,4.304,305.354,20,1:17.774,Valtteri Bottas,"Situated 2,200 meters above sea level. The thin air reduces drag and downforce, heavily stressing cooling systems.",Driver,Sebastian Vettel,10.0,2021,71.93717799651776,Spun off,2
Autodromo Hermanos Rodriguez,1963,71,4.304,305.354,20,1:17.774,Valtteri Bottas,"Situated 2,200 meters above sea level. The thin air reduces drag and downforce, heavily stressing cooling systems.",Constructor,Red Bull,60.0,2023,95.65635116579276,Collision,6
Autodromo Hermanos Rodriguez,1963,71,4.304,305.354,20,1:17.774,Valtteri Bottas,"Situated 2,200 meters above sea level. The thin air reduces drag and downforce, heavily stressing cooling systems.",Constructor,Ferrari,30.0,2025,74.83718678617193,Gearbox,8
Autodromo Hermanos Rodriguez,1963,71,4.304,305.354,20,1:17.774,Valtteri Bottas,"Situated 2,200 meters above sea level. The thin air reduces drag and downforce, heavily stressing cooling systems.",Constructor,McLaren,10.0,2015,81.9646433655842,Power Unit,3
Autodromo Jose Carlos Pace,1973,71,4.309,305.879,20,1:10.540,Valtteri Bottas,"Interlagos always delivers drama. An undulating, anti-clockwise classic known for unpredictable weather.",Driver,Sebastian Vettel,50.0,2015,94.81315769691999,Accident,7
Autodromo Jose Carlos Pace,1973,71,4.309,305.879,20,1:10.540,Valtteri Bottas,"Interlagos always delivers drama. An undulating, anti-clockwise classic known for unpredictable weather.",Driver,Charles Leclerc,25.0,2017,89.63597569159813,Hydraulics,7
Autodromo Jose Carlos Pace,1973,71,4.309,305.879,20,1:10.540,Valtteri Bottas,"Interlagos always delivers drama. An undulating, anti-clockwise classic known for unpredictable weather.",Driver,Sergio Perez,15.0,2019,75.75029155995729,Hydraulics,2
Autodromo Jose Carlos Pace,1973,71,4.309,305.879,20,1:10.540,Valtteri Bottas,"Interlagos always delivers drama. An undulating, anti-clockwise classic known for unpredictable weather.",Driver,Max Verstappen,10.0,2021,75.56168788747726,Gearbox,6
Autodromo Jose Carlos Pace,1973,71,4.309,305.879,20,1:10.540,Valtteri Bottas,"Interlagos always delivers drama. An undulating, anti-clockwise classic known for unpredictable weather.",Constructor,Red Bull,60.0,2023,71.45145051449289,Gearbox,6
Autodromo Jose Carlos Pace,1973,71,4.309,305.879,20,1:10.540,Valtteri Bottas,"Interlagos always delivers drama. An undulating, anti-clockwise classic known for unpredictable weather.",Constructor,Mercedes,30.0,2025,80.23151033484977,Power Unit,2
Autodromo Jose Carlos Pace,1973,71,4.309,305.879,20,1:10.540,Valtteri Bottas,"Interlagos always delivers drama. An undulating, anti-clockwise classic known for unpredictable weather.",Constructor,Ferrari,10.0,2015,94.08921062860084,Hydraulics,4
Las Vegas Strip Circuit,2023,50,6.201,309.958,20,1:35.490,Oscar Piastri,A spectacular night race running straight down the iconic Las Vegas Strip at highly freezing night temperatures.,Driver,Sergio Perez,50.0,2015,88.81321298025973,Tyre,1
Las Vegas Strip Circuit,2023,50,6.201,309.958,20,1:35.490,Oscar Piastri,A spectacular night race running straight down the iconic Las Vegas Strip at highly freezing night temperatures.,Driver,Sebastian Vettel,25.0,2017,71.8370773879231,Hydraulics,6
Las Vegas Strip Circuit,2023,50,6.201,309.958,20,1:35.490,Oscar Piastri,A spectacular night race running straight down the iconic Las Vegas Strip at highly freezing night temperatures.,Driver,Carlos Sainz,15.0,2019,89.65286584392445,Power Unit,5
Las Vegas Strip Circuit,2023,50,6.201,309.958,20,1:35.490,Oscar Piastri,A spectacular night race running straight down the iconic Las Vegas Strip at highly freezing night temperatures.,Driver,Charles Leclerc,10.0,2021,94.67634203240146,Power Unit,5
Las Vegas Strip Circuit,2023,50,6.201,309.958,20,1:35.490,Oscar Piastri,A spectacular night race running straight down the iconic Las Vegas Strip at highly freezing night temperatures.,Constructor,Ferrari,60.0,2023,87.04865959077057,Power Unit,7
Las Vegas Strip Circuit,2023,50,6.201,309.958,20,1:35.490,Oscar Piastri,A spectacular night race running straight down the iconic Las Vegas Strip at highly freezing night temperatures.,Constructor,Red Bull,30.0,2025,104.20800148056232,Hydraulics,3
Las Vegas Strip Circuit,2023,50,6.201,309.958,20,1:35.490,Oscar Piastri,A spectacular night race running straight down the iconic Las Vegas Strip at highly freezing night temperatures.,Constructor,Aston Martin,10.0,2015,100.86430510412359,Spun off,1
Lusail International Circuit,2021,57,5.419,308.611,20,1:24.319,Max Verstappen,"A very fast, flowing circuit consisting mostly of medium and high-speed corners that punish the tyres.",Driver,Lewis Hamilton,50.0,2015,94.81765752121413,Hydraulics,1
Lusail International Circuit,2021,57,5.419,308.611,20,1:24.319,Max Verstappen,"A very fast, flowing circuit consisting mostly of medium and high-speed corners that punish the tyres.",Driver,Fernando Alonso,25.0,2017,89.99144598196094,Accident,2
Lusail International Circuit,2021,57,5.419,308.611,20,1:24.319,Max Verstappen,"A very fast, flowing circuit consisting mostly of medium and high-speed corners that punish the tyres.",Driver,Sebastian Vettel,15.0,2019,85.5569347837454,Electrical,1
Lusail International Circuit,2021,57,5.419,308.611,20,1:24.319,Max Verstappen,"A very fast, flowing circuit consisting mostly of medium and high-speed corners that punish the tyres.",Driver,Charles Leclerc,10.0,2021,100.12266311548011,Power Unit,4
Lusail International Circuit,2021,57,5.419,308.611,20,1:24.319,Max Verstappen,"A very fast, flowing circuit consisting mostly of medium and high-speed corners that punish the tyres.",Constructor,Ferrari,60.0,2023,73.56131635575757,Power Unit,8
Lusail International Circuit,2021,57,5.419,308.611,20,1:24.319,Max Verstappen,"A very fast, flowing circuit consisting mostly of medium and high-speed corners that punish the tyres.",Constructor,McLaren,30.0,2025,71.4330410054216,Electrical,5
Lusail International Circuit,2021,57,5.419,308.611,20,1:24.319,Max Verstappen,"A very fast, flowing circuit consisting mostly of medium and high-speed corners that punish the tyres.",Constructor,Mercedes,10.0,2015,103.5153911838809,Electrical,2
Yas Marina Circuit,2009,58,5.281,306.183,20,1:26.103,Max Verstappen,The traditional twilight finale. Features a scenic marina sector and a tight final sector under the hotel.,Driver,Max Verstappen,50.0,2015,89.37145051137854,Gearbox,1
Yas Marina Circuit,2009,58,5.281,306.183,20,1:26.103,Max Verstappen,The traditional twilight finale. Features a scenic marina sector and a tight final sector under the hotel.,Driver,Fernando Alonso,25.0,2017,80.0233668171756,Power Unit,5
Yas Marina Circuit,2009,58,5.281,306.183,20,1:26.103,Max Verstappen,The traditional twilight finale. Features a scenic marina sector and a tight final sector under the hotel.,Driver,Carlos Sainz,15.0,2019,88.06050948735688,Power Unit,2
Yas Marina Circuit,2009,58,5.281,306.183,20,1:26.103,Max Verstappen,The traditional twilight finale. Features a scenic marina sector and a tight final sector under the hotel.,Driver,Sergio Perez,10.0,2021,76.71457990647922,Power Unit,3
Yas Marina Circuit,2009,58,5.281,306.183,20,1:26.103,Max Verstappen,The traditional twilight finale. Features a scenic marina sector and a tight final sector under the hotel.,Constructor,Red Bull,60.0,2023,102.94077433329554,Collision,1
Yas Marina Circuit,2009,58,5.281,306.183,20,1:26.103,Max Verstappen,The traditional twilight finale. Features a scenic marina sector and a tight final sector under the hotel.,Constructor,Ferrari,30.0,2025,80.43445698758981,Power Unit,4
Yas Marina Circuit,2009,58,5.281,306.183,20,1:26.103,Max Verstappen,The traditional twilight finale. Features a scenic marina sector and a tight final sector under the hotel.,Constructor,Mercedes,10.0,2015,79.15289587445817,Accident,6
